{
  "Accuracy": 0.3994314143567875,
  "Precision": 0.29297205757832345,
  "Recall": 0.9719101123595506,
  "F1": 0.450227716330514,
  "Roc Auc": 0.5887143330589379
}