{
  "Accuracy": 0.3603411513859275,
  "Precision": 0.2824,
  "Recall": 0.9915730337078652,
  "F1": 0.43960149439601487,
  "Roc Auc": 0.5690500753696319
}