{
  "Accuracy": 0.4193319118692253,
  "Precision": 0.301464254952627,
  "Recall": 0.9831460674157303,
  "F1": 0.4614370468029004,
  "Roc Auc": 0.6057500080180459
}