{
  "Accuracy": 0.31769722814498935,
  "Precision": 0.2698170731707317,
  "Recall": 0.9943820224719101,
  "F1": 0.42446043165467623,
  "Roc Auc": 0.54143458878115
}