{
  "Accuracy": 0.4349680170575693,
  "Precision": 0.30558015943312666,
  "Recall": 0.9691011235955056,
  "F1": 0.46464646464646464,
  "Roc Auc": 0.6115724457178289
}